"ID","Empresa / Operador","Proyecto Principal","Provincia","Mineral","Inversion Est (USD)","Pagina Web","Contacto LinkedIn Empresa","5 Personas Clave a Contactar (Nombre, Cargo & LinkedIn)","Empleados Totales (Arg / Global)","Empleados IT / Sistemas","Employer Rating (1-10)","Atractivo Laboral / ¿Es de las mejores para trabajar?","Oportunidad Tecnica Bromteck"
"1","Lundin Mining / BHP (Vicuña Corp)","Josemaría & Filo del Sol","San Juan","Cobre / Oro","$5.600 M","https://www.lundinmining.com","https://www.linkedin.com/company/lundin-mining-corporation/","1. Alfredo Vitaller (VP Asuntos Corp) | 2. Roberto Cacciola (Pres. CAEM) | 3. Fernando Cola (Gerente IT) | 4. Carolina La Rosa (Gerente RRHH) | 5. Sergio Rotondo (Dir. Operaciones)","~4.500 Arg / 13.500 Global","~45-60 IT","9.2","Excelente: Megaproyecto Greenfield Tier 1 de Cobre, inversión multimillonaria BHP, salarios top de mercado y máxima tecnología.","Subestaciones de AT/BT, línea 500 kV, telemedición en campamentos (4.000 operarios)."
"2","Glencore","El Pachón","San Juan","Cobre / Oro","$5.600 M","https://www.glencore.com","https://www.linkedin.com/company/glencore/","1. Nicolás Bareta (Gerente General) | 2. Juan Donicelli (Dir. Legales) | 3. Jorge Sausset (Gerente Desarrollo) | 4. Martin Perez (Superint. IT/OT) | 5. Maria Laura García (Gerente RRHH)","~1.200 Arg / 150.000 Global","~25-35 IT","8.8","Muy Alto: Respaldo del mayor trader minero mundial, sólida estabilidad corporativa, salarios competitivos e infraestructura técnica gigante.","Monitoreo RAG de Pérdidas Técnicas en líneas secundarias y plantas de flotación."
"3","McEwen Mining / Nuton (Rio Tinto)","Los Azules","San Juan","Cobre","$2.500 M","https://www.mcewenmining.com","https://www.linkedin.com/company/mcewen-copper/","1. Michael Meding (VP Ejecutivo) | 2. Mario Hernández (Dir. RSE/Inst) | 3. Franco Rizzetto (Gerente Tech/IT) | 4. Patricia Fernández (Gerente RRHH) | 5. Eduardo Machuca (Gerente Operaciones)","~800 Arg / 1.500 Global","~15-25 IT","9.0","Sobresaliente para Tech/Innovación: Enfoque Net-Zero (huella de carbono cero), inversión directa de Stellantis y Nuton/Rio Tinto.","Infraestructura Net-Zero, control de microrredes aisladas y submedición."
"4","First Quantum Minerals","Taca Taca","Salta","Cobre / Oro","$3.600 M","https://www.first-quantum.com","https://www.linkedin.com/company/first-quantum-minerals/","1. Germán Pérez (Country Manager) | 2. Ignacio Celorrio (VP Rel. Int) | 3. Carlos Martinez (Gerente Energía) | 4. Valeria Moreno (Gerente RRHH) | 5. Esteban Ruiz (Líder IT/Telemetría)","~600 Arg / 20.000 Global","~15-20 IT","8.5","Muy Bueno: Proyecto gigante de cobre en la Puna salteña, grandes desafíos de conectividad en alta montaña y desarrollo técnico.","Interconexión sistema Puna, control de calidad comercial EPRE y balanceo de carga."
"5","POSCO Argentina","Sal de Oro (Hombre Muerto)","Salta / Catamarca","Litio","$1.600 M","http://www.poscoargentina.com.ar","https://www.linkedin.com/company/posco-argentina/","1. Kwangbok Kim (Presidente) | 2. SungKook Kang (Director Planta Güemes) | 3. Vicente Arias (Gerente Asuntos Corp) | 4. Alejandro Choi (Superint. IT/Sistemas) | 5. Jimena Silva (Líder Talentos)","~2.100 Arg / 35.000 Global","~30-40 IT","8.3","Muy Bueno: Cultura surcoreana enfocada en alta disciplina industrial, robótica, plantas químicas de batería y tecnología avanzada.","Diagnóstico RAG en BT para planta química Güemes y extracción en salar."
"6","Arcadium Lithium (Rio Tinto / Livent)","Sal de Vida / Fénix","Catamarca","Litio","$1.400 M","https://www.arcadiumlithium.com","https://www.linkedin.com/company/arcadium-lithium/","1. Hélène Brisson (VP Operaciones) | 2. Fernando Heredia (Gerente General) | 3. Hilario Gorleri (Gerente Inst) | 4. Pablo Romero (Head of IT LatAm) | 5. Mariana Torres (Dir. People)","~2.400 Arg / 55.000 Global","~40-50 IT","9.1","Excelente: Adquirida por el gigante mundial Rio Tinto. Estándares globales Tier 1, beneficios de máximo nivel y carrera internacional.","Optimización de consumo en pozos de salmuera y prevención de pérdidas Joule."
"7","Minera Exar (Ganfeng & Lithium Americas)","Cauchari-Olaroz","Jujuy","Litio","$974 M","https://www.mineraexar.com.ar","https://www.linkedin.com/company/minera-exar-s-a-/","1. Franco Mignacco (Presidente) | 2. Lucila Lasry (Gerente RRHH) | 3. Marcelo Sola (Gerente Operaciones) | 4. Gabriel Fernandez (Jefe IT/Comms) | 5. Sebastian Rossi (Gerente Maint. Eléctrico)","~2.200 Arg","~25-35 IT","8.6","Muy Bueno: Proyecto en producción activa comercial en Jujuy. Excelente ritmo operativo, buena rotación de campamento y tecnología SCADA.","Visualización poligonal de pérdidas y control de activos de distribución en planta."
"8","Zijin Mining / Liex S.A.","Tres Quebradas (3Q)","Catamarca","Litio","$620 M","http://www.liex.com.ar","https://www.linkedin.com/company/liex-s-a/","1. Huang Zhenhua (Presidente Liex) | 2. Tomás De Pablos (Asesor Senior) | 3. Jing Xuelin (Gerente Proyecto 3Q) | 4. Gonzalo Delgado (Superint. IT) | 5. Romina Sanchez (Gerente Cap. Humano)","~1.500 Arg / 45.000 Global","~20-30 IT","8.0","Bueno: Grupo minero chino con expansión agresiva. Desafíos intensos en Fiambalá y salar, salarios competitivos con ritmo exigente.","Auditoría de submedición en módulos residenciales y servicios en Fiambalá."
"9","Ganfeng Lithium","Mariana","Salta","Litio","$600 M","https://www.ganfenglithium.com","https://www.linkedin.com/company/ganfeng-lithium/","1. Jason Luo (Presidente Argentina) | 2. Simon Perez (Gerente Asuntos Públicos) | 3. Yanjun Liu (Director Técnico) | 4. Nicolas Castro (Gerente IT/Digital) | 5. Victoria Gimenez (Líder RRHH)","~1.300 Arg / 20.000 Global","~20-25 IT","8.2","Muy Atractivo para Renovables: Integración pionera con Parque Solar de 120 MW en el salar. Cultura china en rápido desarrollo.","Evacuación y pérdidas en red de distribución del parque solar de 120 MW en Llullaillaco."
"10","Lake Resources / Lilac Solutions","Kachi","Catamarca","Litio","$1.380 M","https://lakeresources.com.au","https://www.linkedin.com/company/lake-resources/","1. David Sgro (CEO Lake) | 2. Amalia Sáenz (Country Manager Arg) | 3. Rafeh Hulme (VP Tech Lilac) | 4. Marcos Gutierrez (Gerente IT) | 5. Paula Varela (Gerente Personal)","~450 Arg / 900 Global","~15-20 IT","8.7","Muy Alto para Perfiles Tech: Lilac Solutions es una startup de Silicon Valley respaldada por Bill Gates con tecnología DLE de vanguardia.","Ingeniería de consumo en reactores DLE (Extracción Directa) y desbalance."
"11","Glencore (MARA)","Agua Rica / Alumbrera","Catamarca","Cobre / Oro","$3.100 M","https://maraproyecto.com.ar","https://www.linkedin.com/company/proyecto-mara/","1. Nicolás Bareta (General Manager MARA) | 2. Roberto Dalmazzo (Dir. Operaciones) | 3. Santiago Velo (Gerente Innovación/IT) | 4. Carina Peralta (Gerente RRHH) | 5. Eduardo Morales (Superint. Eléctrico)","~2.800 Arg","~35-45 IT","8.9","Excelente: Reutilización de la infraestructura de Bajo de la Alumbrera. Salarios sólidos corporativos Glencore y gran complejidad técnica.","Pérdidas en cinta transportadora de 35 km y subestaciones de 220 kV."
"12","Barrick Gold & Shandong Gold","Veladero","San Juan","Oro / Plata","$400 M","https://www.barrick.com","https://www.linkedin.com/company/barrick-gold-corporation/","1. Marcelo Alvarez (Dir. Asuntos Corp Sudamérica) | 2. Alberto Abecasis (Gerente General Veladero) | 3. Cristian Vallerino (Head of IT LatAm) | 4. Jimena Daneri (Gerente Cap. Humano) | 5. Raul Quiroga (Superint. Comms/IT)","~4.000 Arg / 21.000 Global","~50-70 IT","9.3","Top Tier (Una de las mejores para trabajar): Líder en salarios de minería, máxima seguridad internacional y alta tecnología en San Juan.","Auditoría metrológica en línea transfronteriza 110 kV y campamento."
"13","Fortuna Silver / Mansfield","Lindero","Salta","Oro","$450 M","https://www.fortunamining.com","https://www.linkedin.com/company/mansfield-minera-s-a-/","1. Wilber Aza (VP Operaciones Fortuna) | 2. Facundo Huidobro (Gerente Inst. Mansfield) | 3. David Silva (Gerente General Mina) | 4. Martin Benitez (Jefe IT Faena) | 5. Soledad Perez (Gerente RRHH)","~1.100 Arg / 6.500 Global","~15-22 IT","8.5","Muy Bueno: Operador canadiense consolidado en Salta. Clima laboral estable, operaciones continuas de lixiviación de oro en la Puna.","Monitoreo en BT de plantas de chancado secundario y refinación."
"14","Newmont Mining","Cerro Negro","Santa Cruz","Oro / Plata","$540 M","https://www.newmont.com","https://www.linkedin.com/company/newmont-corporation/","1. Marcelo Campos (Gerente General Cerro Negro) | 2. Maria Eugenia Sampalione (Dir. Rel. Externas) | 3. Daniel Viqueira (Manager IT/OT Systems) | 4. Roxana Gonzalez (Dir. RRHH South America) | 5. Gustavo Vargas (Superint. Automatización Subterránea)","~3.200 Arg / 32.000 Global","~45-60 IT","9.4","Top #1 Mundial en Oro (De las mejores empresas para trabajar): Paquete salarial de elite en Patagonia, cultura diversa e innovación subterránea.","Detección de fuga energética en ventilación y bombas subterráneas."
"15","Tecpetrol (Techint) / Alpha","Sal de los Ángeles","Salta","Litio","$800 M","https://www.tecpetrol.com","https://www.linkedin.com/company/tecpetrol/","1. Ricardo Markous (CEO Tecpetrol) | 2. Leonardo Decarre (VP Transición Energética) | 3. Alejandro Martinez (Gerente IT Techint) | 4. Florencia Rossi (Gerente RRHH) | 5. Hernan Silva (Gerente Operaciones Litio)","~800 Arg (Litio) / 18.000 Techint","~80+ IT","9.2","Excelente: Pertenecer al Grupo Techint garantiza máxima solidez institucional, excelentes sueldos petroleros/mineros y escuela tecnológica.","Arquitectura de medición inteligente para campamentos industriales."
"16","Ganfeng Lithium","Pozuelos-Pastos Grandes","Salta","Litio","$900 M","https://www.ganfenglithium.com","https://www.linkedin.com/company/ganfeng-lithium/","1. Jason Luo (Presidente Argentina) | 2. Manuel Gomez (Director Proyecto Pastos Grandes) | 3. Chen Min (Gerente Técnico Automatización) | 4. Lucas Fernandez (Jefe IT/Telecomunicaciones) | 5. Andrea Juarez (Coordinadora Reclutamiento)","~950 Arg / 20.000 Global","~18-25 IT","8.1","Bueno: Proyecto unificado de dos salares gigantes en Salta. Crecimiento dinámico y fuerte inversión directa.","Balanceo de cargas dinámico en redes compartidas entre salares."
"17","Aldebaran / Sibanye-Stillwater","Altar","San Juan","Cobre / Oro","$1.800 M","https://aldebaranresources.com","https://www.linkedin.com/company/aldebaran-resources-inc-/","1. John Black (CEO Aldebaran) | 2. Javier Robeto (Gerente Exploración Arg) | 3. Laura Bandoni (Gerente Admin/RRHH) | 4. Nicolas Gomez (Líder GIS/IT) | 5. Sergio Morales (Superint. Logística/Energía)","~350 Arg / 850 Global","~10-15 IT","8.6","Muy Bueno para Emprendimiento Técnico: Respaldo de Sibanye-Stillwater. Proyecto en fase de factibilidad con gran potencial de ascenso laboral.","Pérdidas técnicas en trazados de MT en alta montaña (Calingasta)."
"18","Eramet / Eramine (Tsingshan)","Centenario-Ratones","Salta","Litio","$870 M","https://www.eramine.com.ar","https://www.linkedin.com/company/eramine-sudamerica-sa/","1. Constance Kowalewski (CEO Eramine) | 2. Daniel Chavez Diaz (Senior Advisor) | 3. Juan Carlos Palma (Director Operaciones DLE) | 4. Guillaume Laffont (Head of IT/Digital LatAm) | 5. Carola Diez (Gerente RRHH)","~1.600 Arg / 10.000 Global","~30-40 IT","9.1","Excelente: Pioneros europeos en DLE en Salta. Cultura corporativa francesa con gran equilibrio laboral, tecnología limpia y salarios top.","Control metrológico en módulos de extracción directa y electrodiálisis."
"19","AngloGold Ashanti / Cerrado Gold","Cerro Vanguardia","Santa Cruz","Oro / Plata","$300 M","https://www.anglogoldashanti.com","https://www.linkedin.com/company/anglogold-ashanti/","1. Luis Rivera (VP Argentina / GM) | 2. Gonzalo Echegaray (Gerente Operaciones) | 3. Mauricio Bustos (Manager Systems/IT) | 4. Vanina Canteros (Gerente RRHH) | 5. Fabian Ramirez (Superint. Mantenimiento Eléctrico)","~1.800 Arg / 31.000 Global","~25-35 IT","8.9","Muy Alto: Trayectoria histórica intachable en Santa Cruz, ambiente de trabajo muy seguro, excelentes beneficios y estabilidad.","Tablero dinámico de seguimiento de pérdidas no técnicas en faena."
"20","Galan Lithium","Hombre Muerto Oeste (HMW)","Catamarca","Litio","$450 M","https://galanlithium.com.au","https://www.linkedin.com/company/galan-lithium-limited/","1. Juan Pablo Vargas de la Vega (Managing Director) | 2. Pablo Alurralde (Presidente Galan Argentina) | 3. Claudia Valenzuela (Gerente Corp/RRHH) | 4. Hernan Martinez (Jefe IT/Comms) | 5. Tomas Garcia (Superint. Proyecto HMW)","~400 Arg / 700 Global","~10-15 IT","8.4","Muy Atractivo para Construir desde Cero: Empresa australiana ágil con rápido armado de equipo en Catamarca. Oportunidad de liderazgo temprano.","Supervisión en bombas de alta presión y trazado eléctrico de piletas."
